antecedents,consequents,antecedent support,consequent support,support,confidence,lift,representativity,leverage,conviction,zhangs_metric,jaccard,certainty,kulczynski
frozenset({'Romance'}),frozenset({'Comedy'}),0.1638267296243071,0.385547115582016,0.09074112091972901,0.5538847117794486,1.4366200378475478,1.0,0.027578197857842587,1.3773410161953685,0.3634673987066356,0.19785138764547902,0.2739633916063129,0.39462073714638035
frozenset({'Romance'}),frozenset({'Drama'}),0.1638267296243071,0.44764935331554095,0.09587353726134264,0.5852130325814536,1.3073023075919563,1.0,0.022536607689221583,1.3316489911002969,0.28112114509768465,0.18594465458889112,0.24905135911698967,0.3996920471322769
frozenset({'Crime'}),frozenset({'Drama'}),0.1230753438718949,0.44764935331554095,0.06538698419215767,0.5312760633861552,1.1868129808548324,1.0,0.010292386098816102,1.1784135682823245,0.17949918511782037,0.12939264676010567,0.15140148847945065,0.33867173955824614
